INSERT INTO RSO_members VALUES ("Alpha Phi Omega", "suhinad2")

INSERT INTO RSO_members VALUES ("Society of Women Engineers", "aashnaw2")

INSERT INTO RSO_members VALUES ("Women in ECE", "aashnaw2")

INSERT INTO RSO_members VALUES ("Hack4Impact", "dschoi3")

INSERT INTO RSO_members VALUES ("Illini Boxing", "dschoi3")

INSERT INTO RSO_members VALUES ("Engineering Open House", "bmw4");

INSERT INTO RSO_members VALUES ("HackIllinois", "bmw4")

INSERT INTO RSO_members VALUES ("Society of Women Engineers", "snagar9");

INSERT INTO RSO_members VALUES ("Cube Consulting", "snagar9")

INSERT INTO RSO_members VALUES ("Pi Tau Sigma", "dsliu2");

INSERT INTO RSO_members VALUES ("Illini Formula Electric", "dsliu2")

INSERT INTO RSO_members VALUES ("Hack4Impact", "mal7");

INSERT INTO RSO_members VALUES ("Society of Women Engineers", "pallavi3");

INSERT INTO RSO_members VALUES ("ECE SAC", "pallavi3");

INSERT INTO RSO_members VALUES ("Illini Student Musicals", "axu5");

INSERT INTO RSO_members VALUES ("Alpha Pi Mu", "axu5");

INSERT INTO RSO_members VALUES ("Illini Student Musicals", "amyhoke2");

INSERT INTO RSO_members VALUES ("8 to Create", "ipon2");

INSERT INTO RSO_members VALUES ("Alpha Phi Omega", "ipon2");

INSERT INTO RSO_members VALUES ("Illini Mentor Program", "krakman2");


INSERT INTO Users
VALUES ("suhinad2", "suhinad2@illinois.edu", "Suhina", "Das", "passwordS", "MCB", 2021, "Bachelors")

INSERT INTO Users VALUES ("aashnaw2", "aashnaw2@illinois.edu", "Aashna", "Wadhwa", "passwordA", "Computer Engineering", 2021, "Bachelors")

INSERT INTO Users VALUES ("dschoi3", "dschoi3@illinois.edu", "Daniel", "Choi", "passwordD", "Computer Science", 2021, "Bachelors")

INSERT INTO Users VALUES ("bmw4", "bmw4@illinois.edu", "Brandon", "Wang", "passwordB", "Computer Science", 2021, "Bachelors")

INSERT INTO Users VALUES ("snagar9", "snagar9@illinois.edu", "Saloni", "Nagarkar", "passwordS", "Mechnical Engineering", 2021, "Bachelors")

INSERT INTO Users VALUES ("dsliu2", "dsliu2@illinois.edu", "Derrick", "Liu", "passwordD", "Mechanical Engineering", 2021, "Bachelors")

INSERT INTO Users VALUES ("mal7", "mal7@illinois.edu", "Michael", "Leon", "passwordM", "Computer Science", 2021, "Bachelors")

INSERT INTO Users VALUES ("mliao9", "mliao9@illinois.edu", "Michael", "Liao", "passwordM", "Systems Engineering and Design", 2019, "Graduate")

INSERT INTO Users VALUES ("pallavi3", "pallavi3@illinois.edu", "Pallavi", "Narayanan", "passwordP", "Computer Engineering", 2021, "Bachelors")

INSERT INTO Users VALUES ("axu5", "axu5@illinois.edu", "Andrew", "Xu", "passwordA", "Systems Engineering and Design", 2019, "Bachelors")

INSERT INTO Users VALUES ("amyhoke2", "amyhoke2@illinois.edu", "Amy", "Hoke", "passwordA", "Secondary Education of English PLUS Licensure", 2020, "Graduate")

INSERT INTO Users VALUES ("ipon2", "ipon2@illinois.edu", "I", "Pon", "passwordI", "Art History", 2019, "Bachelors")

INSERT INTO Users VALUES ("krakman2", "krakman2@illinois.edu", "K", "Rakman", "passwordK", "Psychology", 2019, "Bachelors")


INSERT INTO RSO VALUES ("Alpha Pi Mu", "PresAPM", "TreasAPM", "Industrial Engineering Honors Society", "Honors", "https://alphapimu.com/", "vhoff2@illinois.edu
", "Industrial Engineering")

INSERT INTO RSO VALUES ("ECE SAC", "PresSAC", "TreasSAC", "Representing Students in ECE", "Leadership", "https://sac.ece.illinois.edu/", "ecesac@gmail.com", "ECE")

INSERT INTO RSO VALUES ("Illini Formula Electric", "PresFormula", "TreasFormula", "Building Race Cars", "Academic", "https://www.illiniformulaelectric.com/", "formula@gmail.com", "Mechanical Engineering")

INSERT INTO RSO VALUES ("Cube Consulting", "PresCube", "TreasCube", "Non-profit consulting organization", "Academic", "http://www.cubeconsulting.org/", "cubeuiuc@gmail.com", "Engineering")

INSERT INTO RSO VALUES ("Engineering Open House", "PresEOH", "TreasEOH", "Displaying Engineering Projects", "Planning Events", "https://www.eohillinois.org/", "eoh@gmail.com", "Engineering")

INSERT INTO RSO VALUES ("Illini Boxing", "PresBoxing", "TreasBoxing", "Amateur and Competetive Boxing", "Sports", "http://illiniboxing.com/", "illiniboxingclub@gmail.com", "None")

INSERT INTO RSO VALUES ("8 to Create", "Pres8", "Treas8", "8 Hours for 8 Artists to Create", "Hobby", "https://publish.illinois.edu/8tocreate/", "8toCreate@gmail.com", "Art")

INSERT INTO RSO VALUES ("Alpha Phi Omega", "PresAPO", "TreasAPO", "Educational Service Fraternity", "Volunteering", "http://apo-aa.org/", "secretary@apo-aa.org", "None")

INSERT INTO RSO VALUES ("Hack4Impact", "PresH4I", "TreasH4I", "Software for Nonprofits", "Professional", "https://uiuc.hack4impact.org/", "tk2@illinois.edu", "Computer Science")

INSERT INTO RSO VALUES ("HackIllinois", "PresHI", "TreasHI", "Largest Open Source Hackathon", "Planning Events", "https://www.hackillinois.org/", "help@hackillinois.org", "Computer Science")

INSERT INTO RSO VALUES ("Illini Mentor Program", "Jaimin Patel", "Sam Joshi", "University of Illinois students mentoring future leaders today", "Leadership", "http://publish.illinois.edu/illinimentorprogram/", "jpate203@illinois.edu", "None")

INSERT INTO RSO VALUES ("Illini Student Musicals", "Aleeza Leder Macek", "Kelsey Handschuh", "Performance of musical theater at the University of Illinois at Urbana-Champaign", "Hobby", "https://illinimusicals.wixsite.com/illinimusicals", "President@IlliniStudentMusicals.org", "Fine Arts")

INSERT INTO RSO VALUES ("Pi Tau Sigma", "Alexandra Baumgart", "Omar Darwish", "Mechanical Engineering Honors Society", "Honors", "https://pitausigma.mechse.illinois.edu/", "baumgrt2@illinois.edu", "Mechanical Engineering")

INSERT INTO RSO VALUES ("Society of Women Engineers", "Abby Pakeltis", "Alice Lin", "Diverse network of women in pursuit of engineering", "Professional", "https://www.societyofwomenengineers.illinois.edu/", "UIUC.SWE@GMAIL.COM", "Engineering")

INSERT INTO RSO VALUES ("Women in ECE", "Monil Pathak", "Carolyn Nye", "Inspire women in Electrical and Computer Engineering", "Professional", "https://wece.ece.illinois.edu/", "wece.uiuc@gmail.com", "Electrical and Computer Engineering")
